Link Name,Center of Mass X,Center of Mass Y,Center of Mass Z,Center of Mass Roll,Center of Mass Pitch,Center of Mass Yaw,Mass,Moment Ixx,Moment Ixy,Moment Ixz,Moment Iyy,Moment Iyz,Moment Izz,Visual X,Visual Y,Visual Z,Visual Roll,Visual Pitch,Visual Yaw,Mesh Filename,Color Red,Color Green,Color Blue,Color Alpha,Collision X,Collision Y,Collision Z,Collision Roll,Collision Pitch,Collision Yaw,Collision Mesh Filename,Material Name,SW Components,Coordinate System,Axis Name,Joint Name,Joint Type,Joint Origin X,Joint Origin Y,Joint Origin Z,Joint Origin Roll,Joint Origin Pitch,Joint Origin Yaw,Parent,Joint Axis X,Joint Axis Y,Joint Axis Z,Limit Effort,Limit Velocity,Limit Lower,Limit Upper,Calibration rising,Calibration falling,Dynamics Damping,Dynamics Friction,Safety Soft Upper,Safety Soft Lower,Safety K Position,Safety K Velocity
base_link,-0.0056321,0.0015115,-0.0091874,0,0,0,3.9841,0.0074863,2.0106E-05,-0.00022344,0.0074383,2.4927E-05,0.0056237,0,0,0,0,0,0,package://bdx/meshes/base_link.STL,1,1,1,1,0,0,0,0,0,0,package://bdx/meshes/base_link.STL,,assembly_body-1/frame_hip_actuator_clamp-1;assembly_body-1/actuator-Unitree-GO-M8010-6-model-3;assembly_body-1/actuator-Unitree-GO-M8010-6-model-2;assembly_body-1/frame_motor_mount_limits-1;assembly_body-1/frame_anchor_front_m6-1;assembly_body-1/frame_front-1;assembly_body-1/frame_core-1;assembly_body-1/frame_battery_go1_plate_a-1;assembly_body-1/frame_bottom-1;assembly_body-1/frame_battery_plate_side-3;assembly_body-1/unitree-go1-battery-pack-model-1;assembly_body-1/board-radxa-rock-5b+-1;assembly_body-1/actuator-Unitree-GO-M8010-6-model-1;assembly_body-1/frame_battery_board_base-2;assembly_body-1/frame_battery_plate_side-5;assembly_body-1/frame_anchors-2;assembly_body-1/frame_anchors-1;assembly_body-1/bd-x-power-1;assembly_body-1/frame_panel_mount-2;assembly_body-1/frame_panel_mount-1,base_link,,,,0,0,0,0,0,0,,0,0,0,,,,,,,,,,,,
hip_yaw_l_link,0.0036093,0.00042427,-0.062303,0,0,0,0.6235,0.00071581,-2.324E-06,-5.0327E-06,0.00045102,4.7372E-06,0.00039848,0,0,0,0,0,0,package://bdx/meshes/hip_yaw_l_link.STL,0.89412,0.89412,0.89412,1,0,0,0,0,0,0,package://bdx/meshes/hip_yaw_l_link.STL,,left_leg-1/hip_yaw_leg_roll-1;left_leg-1/actuator-Unitree-GO-M8010-6-model-4;left_leg-1/hip_yaw_joint-1,hip_yaw_l,axis_hip_yaw_l,hip_yaw_l,revolute,0,0.0485,0.0004,0,0,0,base_link,0,0,1,20,30,-0.3,0.3,,,1,0.01,,,,
hip_roll_l_link,0.0086786,0.030071,3.3605E-14,0,0,0,0.15867,9.587E-05,7.3859E-07,-1.1796E-19,5.5507E-05,1.4225E-20,7.4129E-05,0,0,0,0,0,0,package://bdx/meshes/hip_roll_l_link.STL,0.86667,0.9098,1,1,0,0,0,0,0,0,package://bdx/meshes/hip_roll_l_link.STL,,left_leg-1/assembly_hip_roll_pitch_joint-1/hip_roll_leg_pitch_joint_b-1;left_leg-1/assembly_hip_roll_pitch_joint-1/hip_roll_leg_pitch_joint_a-1,hip_roll_l,axis_hip_roll_l,hip_roll_l,revolute,0.0181,0,-0.065398,0,0,0,hip_yaw_l_link,-1,0,0,20,30,-0.25,0.25,,,1,0.07,,,,
hip_pitch_l_link,-0.0149182055486898,0.0160634253329831,-0.0523898789181123,0,0,0,1.33626881380817,0.00139502313417813,-1.0527153079192E-05,0.000212385300853686,0.0022120427413461,-7.12441659196506E-06,0.00109094805529407,0,0,0,0,0,0,package://bdx/meshes/hip_pitch_l_link.STL,0.894117647058823,0.894117647058823,0.894117647058823,1,0,0,0,0,0,0,package://bdx/meshes/hip_pitch_l_link.STL,,left_leg-1/upper_leg-1;left_leg-1/actuator-Unitree-GO-M8010-6-model-1;left_leg-1/actuator-Unitree-GO-M8010-6-model-2;left_leg-1/leg_panel_v2-2;left_leg-1/tube_connector-2;left_leg-1/tube_connector-1,hip_pitch_l,axis_hip_pitch_l,hip_pitch_l,revolute,0.006961,0.0665,0,0,0,0,hip_roll_l_link,0,1,0,20,30,0,1.9,,,0.4,0.03,,,,
knee_pitch_l_link,-0.0377043292127866,-0.0123631073655921,-0.0989847188662296,0,0,0,0.77842876704391,0.000630340728098765,-3.24599122380207E-06,0.00011342633333145,0.000992487660414723,-1.16201596450089E-06,0.000511343542857538,0,0,0,0,0,0,package://bdx/meshes/knee_pitch_l_link.STL,0.894117647058823,0.894117647058823,0.894117647058823,1,0,0,0,0,0,0,package://bdx/meshes/knee_pitch_l_link.STL,,left_leg-1/lower_leg_pitch-2;left_leg-1/actuator-Unitree-GO-M8010-6-model-3,knee_pitch_l,axis_knee_pitch_l,knee_pitch_l,revolute,-0.028729,0,-0.10722,0,0,0,hip_pitch_l_link,0,1,0,20,30,-1.95,0,,,1,0.01,,,,
ankle_pitch_l_link,0.0295179434793017,-0.00832841585761443,-0.0548272141790276,0,0,0,0.28226677869091,0.000150325046351411,-1.58558042145394E-05,-1.96679401468079E-05,0.000754571216877983,3.20346294189597E-05,0.000708369089914096,0,0,0,0,0,0,package://bdx/meshes/ankle_pitch_l_link.STL,0.894117647058823,0.894117647058823,0.894117647058823,1,0,0,0,0,0,0,package://bdx/meshes/ankle_pitch_l_link.STL,,left_leg-1/foot_pad_rubber_sticker-1;left_leg-1/foot_base-1,ankle_pitch_l,axis_ankle_pitch_l,ankle_pitch_l,revolute,-0.040057,0.0026,-0.12592,0,0,0,knee_pitch_l_link,0,-1,0,20,30,-1.8,1,,,0.8,0.01,,,,
hip_yaw_r_link,0.0038642777011793,-0.000424273732976037,-0.0573032446083692,0,0,0,0.623502512112406,0.000715805974775317,2.32403940173417E-06,-5.03275024429788E-06,0.000451019889345999,-4.73682668435994E-06,0.000398482482226566,0,0,0,0,0,0,package://bdx/meshes/hip_yaw_r_link.STL,0.894117647058823,0.894117647058823,0.894117647058823,1,0,0,0,0,0,0,package://bdx/meshes/hip_yaw_r_link.STL,,right_leg-1/hip_yaw_joint-1;right_leg-1/hip_yaw_leg_roll-1;right_leg-1/actuator-Unitree-GO-M8010-6-model-4,hip_yaw_r,axis_hip_yaw_r,hip_yaw_r,revolute,0,-0.0485,-0.0046,0,0,0,base_link,0,0,1,20,30,-0.3,0.3,,,1,0.01,,,,
hip_roll_r_link,0.00377003456160977,-0.0280042943439451,3.71647157493271E-14,0,0,0,0.158673548954418,9.58696905862333E-05,-7.38586517552069E-07,1.22465946687328E-19,5.55069989615015E-05,1.65559375132329E-20,7.41291689416252E-05,0,0,0,0,0,0,package://bdx/meshes/hip_roll_r_link.STL,0.866666666666667,0.909803921568627,1,1,0,0,0,0,0,0,package://bdx/meshes/hip_roll_r_link.STL,,right_leg-1/assembly_hip_roll_pitch_joint-1/hip_roll_leg_pitch_joint_b-1;right_leg-1/assembly_hip_roll_pitch_joint-1/hip_roll_leg_pitch_joint_a-1,hip_roll_r,axis_hip_roll_r,hip_roll_r,revolute,0.023309,-0.0020671,-0.060398,0,0,0,hip_yaw_r_link,-1,0,0,20,30,-0.25,0.25,,,1,0.07,,,,
hip_pitch_r_link,-0.0149181644649748,-0.0210633744852611,-0.0523897909004723,0,0,0,1.33626753209633,0.0013950224147786,1.05274327267242E-05,0.000212384510321043,0.00221204349035,7.12462174434176E-06,0.00109094857617173,0,0,0,0,0,0,package://bdx/meshes/hip_pitch_r_link.STL,0.894117647058823,0.894117647058823,0.894117647058823,1,0,0,0,0,0,0,package://bdx/meshes/hip_pitch_r_link.STL,,right_leg-1/upper_leg-1;right_leg-1/actuator-Unitree-GO-M8010-6-model-1;right_leg-1/tube_connector-1;right_leg-1/tube_connector-2;right_leg-1/actuator-Unitree-GO-M8010-6-model-2;right_leg-1/leg_panel_v2-2,hip_pitch_r,axis_hip_pitch_r,hip_pitch_r,revolute,0.0020525,-0.059433,0,0,0,0,hip_roll_r_link,0,-1,0,20,30,-1.9,0,,,0.4,0.03,,,,
knee_pitch_r_link,-0.0377043265130318,0.00536310791113587,-0.0989847247057995,0,0,0,0.778428636169197,0.000630340660184972,3.24598208150556E-06,0.000113426271808551,0.000992487518382723,1.16200728659573E-06,0.000511343475217067,0,0,0,0,0,0,package://bdx/meshes/knee_pitch_r_link.STL,0.894117647058823,0.894117647058823,0.894117647058823,1,0,0,0,0,0,0,package://bdx/meshes/knee_pitch_r_link.STL,,right_leg-1/lower_leg_pitch-2;right_leg-1/actuator-Unitree-GO-M8010-6-model-3,knee_pitch_r,axis_knee_pitch_r,knee_pitch_r,revolute,-0.028729,0.002,-0.10722,0,0,0,hip_pitch_r_link,0,-1,0,20,30,0,1.95,,,1,0.01,,,,
ankle_pitch_r_link,0.0295179434775821,0.0103284159024182,-0.0548272141790264,0,0,0,0.282266778690911,0.000150325046356669,1.58559292828931E-05,-1.96679401414985E-05,0.00075457121687273,-3.20346280175275E-05,0.000708369089914099,0,0,0,0,0,0,package://bdx/meshes/ankle_pitch_r_link.STL,0.894117647058823,0.894117647058823,0.894117647058823,1,0,0,0,0,0,0,package://bdx/meshes/ankle_pitch_r_link.STL,,right_leg-1/foot_base-1;right_leg-1/foot_pad_rubber_sticker-1,ankle_pitch_r,axis_ankle_pitch_r,ankle_pitch_r,revolute,-0.040057,-0.0096,-0.12592,0,0,0,knee_pitch_r_link,0,1,0,20,30,-1,1.8,,,0.8,0.01,,,,
neck_pitch_link,-0.0797862545405003,0.0130122135160693,0.0356270749620368,0,0,0,0.191841800216096,9.2601253491874E-05,-2.35452154936347E-05,-4.16462639127822E-05,0.000170463366354271,1.29085213874443E-05,0.000174608360124683,0,0,0,0,0,0,package://bdx/meshes/neck_pitch_link.STL,0.894117647058823,0.894117647058823,0.894117647058823,1,0,0,0,0,0,0,package://bdx/meshes/neck_pitch_link.STL,,assembly_head-1/neck_pitch-1;assembly_head-1/servo_feetechrc_sm85cl_model-4;assembly_head-1/neck_cable_guide-1;assembly_head-1/neck_cable_guide-2,neck_pitch,axis_neck_pitch,neck_pitch,revolute,0.089681,-0.0098,0.048034,0,0,0,base_link,0,1,0,20,30,0,1.4,,,1,0.01,,,,
head_pitch_link,-0.0146469915023234,0.00460677531555131,0.0181023534096711,0,0,0,0.033215892772173,2.15602737665627E-05,8.06042118818382E-07,2.25279632959077E-07,1.11135297398569E-05,-9.96197546616499E-07,2.38267143071496E-05,0,0,0,0,0,0,package://bdx/meshes/head_pitch_link.STL,0.894117647058823,0.894117647058823,0.894117647058823,1,0,0,0,0,0,0,package://bdx/meshes/head_pitch_link.STL,,assembly_head-1/heead_pitch-1,head_pitch,axis_head_pitch,head_pitch,revolute,-0.12541,0.01365,0.045273,0,0,0,neck_pitch_link,0,1,0,10,30,-1.75,0,,,1,0.01,,,,
head_yaw_link,0.00596633836812089,4.42961905506439E-08,0.0248336348685129,0,0,0,0.176304657320316,7.93700769639409E-05,9.40509633556452E-11,1.49158514061238E-05,0.00011264021622162,9.33673418310513E-11,0.000134673228453269,0,0,0,0,0,0,package://bdx/meshes/head_yaw_link.STL,0.250980392156863,0.250980392156863,0.250980392156863,1,0,0,0,0,0,0,package://bdx/meshes/head_yaw_link.STL,,assembly_head-1/servo_feetechrc_sm85cl_model-2;assembly_head-1/head_yaw-1,head_yaw,axis_head_yaw,head_yaw,revolute,-0.012506,0.00295,0.032827,0,0,0,head_pitch_link,-0.27489,0,0.96148,10,30,-1,1,,,1,0.01,,,,
head_roll_link,-0.0297038954013145,0.00272794046440748,0.00735258784007151,0,0,0,0.666715656122362,0.00357742432394428,-2.28664061210728E-05,0.000800179945923394,0.00294728947348252,-4.55504492924459E-06,0.00567569417354532,0,0,0,0,0,0,package://bdx/meshes/head_roll_link.STL,0.894117647058823,0.894117647058823,0.894117647058823,1,0,0,0,0,0,0,package://bdx/meshes/head_roll_link.STL,,assembly_head-1/head_front-1;assembly_head-1/head_torch-1;assembly_head-1/flashlight-1;assembly_head-1/head_bottom_base-1;assembly_head-1/head_roll-1;assembly_head-1/servo_feetechrc_sm85cl_model-3;assembly_head-1/eye_socket-1;assembly_head-1/right_eye_nut-1;assembly_head-1/eye_socket-2;assembly_head-1/left_eye_nut-1;assembly_head-1/eye_lense_d29_h11-1;assembly_head-1/eye_lense_d29_h11-2;assembly_head-1/head_top-2;assembly_head-1/head_bottom_rear-2,head_roll,axis_head_roll,head_roll,revolute,0.045488,0,0.034431,0,0,0,head_yaw_link,0.96148,0,0.27489,10,30,-0.3,0.3,,,1,0.01,,,,
antenna_pitch_l_link,-0.00682254013957881,-0.171132137744976,0.00144299083685021,0,0,0,0.0177930034784591,1.15427678974295E-05,4.09511440080198E-07,-4.97956577338031E-06,1.47017137756501E-05,-2.06476164977471E-07,5.5711607654884E-06,0,0,0,0,0,0,package://bdx/meshes/antenna_pitch_l_link.STL,0.894117647058823,0.894117647058823,0.894117647058823,1,0,0,0,0,0,0,package://bdx/meshes/antenna_pitch_l_link.STL,,assembly_head-1/head_antenna-4,antenna_pitch_l,axis_antenna_pitch_l,antenna_pitch_l,revolute,-0.18856,0.068569,-0.037892,0,0,0,head_roll_link,0,1,0,5,30,-1,1,,,1,0.01,,,,
antenna_pitch_r_link,-0.00518698967225675,0.171132136765827,0.00466070023936349,0,0,0,0.0177929421057637,1.43619588701845E-05,-2.51408229915395E-07,9.60116934272605E-08,1.47013778246113E-05,3.83564694634456E-07,2.7516332505821E-06,0,0,0,0,0,0,package://bdx/meshes/antenna_pitch_r_link.STL,0.894117647058823,0.894117647058823,0.894117647058823,1,0,0,0,0,0,0,package://bdx/meshes/antenna_pitch_r_link.STL,,assembly_head-1/head_antenna-5,antenna_pitch_r,axis_antenna_pitch_r,antenna_pitch_r,revolute,-0.18856,-0.068569,-0.037892,0,0,0,head_roll_link,0,-1,0,5,30,-1,1,,,1,0.01,,,,
imu_link,0,0,0,0,0,0,0,0,0,0,0,0,0,0,0,0,0,0,0,package://bdx/meshes/imu_link.STL,1,1,1,1,0,0,0,0,0,0,package://bdx/meshes/imu_link.STL,,assembly_body-1/imu-HiPNUC-HI13-1,imu_link,,imu,fixed,0,0,0.0525,0,0,0,base_link,0,0,0,,,,,,,,,,,,
